workerid,anon_workerid
A5EU1AQJNC7F2,0
A2UO0QSC0AAOIW,1
A1BJCMQJWDE11T,2
A1X0CR6FL88QEZ,3
AUK4KGOJP9F0H,4
A14M0EGTFP2U4O,5
A12LI6GAHU6S2H,6
A29QN21YWY3Y5T,7
A1MCKURRCHHLR9,8
A1EP3XESXAG0EP,9
A23KAJRDVCVGOE,10
A1TGT6FVIZRNS5,11
A39VVWV1GHLMFD,12
A19CB2C4GY4C60,13
A2Z4FN21XUR1HB,14
A3DS5B06ZCD3E3,15
A2DC7ZEGN3IW2G,16
A3IKH1NZLLTLW1,17
A4W9APAHFWVLO,18
A1SOQ9Q35SASE4,19
A2YE7NBCK14VAQ,20
A1DS5O8MSI3ZH0,21
AU3EV1ZS4045M,22
ANDJGNGFCS66G,23
A2YMKZXUMX8PR0,24
A2YCMT5BPA0AG9,25
A2V4DP31BEVABF,26
A3U21PUMQ6NGT2,27
A1BH4UY07PJ6CJ,28
AIZ4C8S4DW2WG,29
A3EUGO4VR2N4G1,30
A2PXJTMWGUE5DC,31
A20EHQ0P1UTK6E,32
AWDU600NXZ26L,33
A3MJCHFORYK0US,34
A1F9KLZGHE9DTA,35
A2IQ0QCTQ3KWLT,36
AMG6THKHX31MO,37
A1EFWFEGH5HUS8,38
A3CM2UOJUAKPNQ,39
A25NZKEWQAGAXS,40
A25YZ7RE911DPQ,41
ARLGZWN6W91WD,42
A1C7XI68SED8JE,43
A33L61XKPX76DB,44
A1PQEHT7M68ZK3,45
A3141EW4WZT4Q0,46
AIEKCWYZTS41V,47
A1WH32GYQOHIRQ,48
A3L0DCUXI7X3A9,49
A29A2MQMPJW1O9,50
A2RA7SXBQZYK1F,51
A28EIWQKI8OGY8,52
A2WC2NO555XU3J,53
A35GDBQQSJE1I6,54
A3GIIL73GE2CBQ,55
A1VSHM4NLZ705D,56
A169TUV6LKM249,57
AMA18W8F60Y2J,58
A2DVZVTZOCUUB,59
AUU3FYNZXKENO,60
AZTYIBLLB60V8,61
A2G2S14YIRXEKP,62
A59KBAAENVUTS,63
A1V2H0UF94ATWY,64
A332M80F2HUE16,65
A19OCD2Q0K2U6M,66
ARY8OLAT469LS,67
A2BVUVKIS50IR8,68
A3UN1F1EOHKKE6,69
A3UEM5PCYERMXX,70
AWLT46A9EWTK8,71
AW9S5SR1PK03J,72
A33ZLN05SVEI66,73
A3F90N8YVKJ4I7,74
A31X0GSY38JNZY,75
A4ZD9A71VVQYM,76
AFK9ALQK5GPNG,77
AGC307XG0RIR4,78
ADNQMR3GBR3O9,79
A20X6V1AAXZGNZ,80
A1W1TGPFM2JCDZ,81
A3HE75FVA00JSF,82
A20EU0UH5K3VGE,83
A13G80LP9PAUQB,84
A1KLTPBLZUYKFO,85
AXPZAP62ZYWP8,86
A1UPSE5VOTHBOG,87
A3UPZ88FI1EJC,88
A314KKX6ONDO9O,89
A384DW1A7HI9Z7,90
A1GMVCWXQPG8ZR,91
A30AMVMR8CFHU0,92
A11DJHOJ5CEV4A,93
A21YYZG5Z8IZZ2,94
A1YZ0ETOCJO1B2,95
A1J1PWS99LFVPL,96
A2EDTABT10HQA4,97
A1KGCOR8OXYR72,98
A3SL5QRF7MX2P1,99
A68UG55LKRKMS,100
A1OU8F92A7M3MR,101
A1DUPOUC9RNU4L,102
A2FARB7LA24AU8,103
AKU98LCT727Z4,104
A3S3WYVCVWW8IZ,105
AYUA338WFJCYE,106
A18PMKLNYO9MR2,107
A1TGBCLWRWTR92,108
A2BMOFOX74K0XR,109
AZLRPIAD0ZHAA,110
A2T007HZK66WM,111
A3KVKK1XLBTSN3,112
A18WSAKX5YN2FB,113
A274V7TN4K4ICV,114
A2NT3OQZUUZPEO,115
A6LFEIKC4QOQD,116
AY0GG2W8XO1LP,117
A2C2WXXKJOLCZ2,118
A2JCK494NV7TFX,119
A15GLNTVDPCXUQ,120
A3QV9JC859554,121
A12UOIO3KBRF7M,122
A1PBFDQR599N3K,123
A9189NV85IC2Y,124
A37X1GHLB2HCX7,125
APGX2WZ59OWDN,126
A1WH2SKWIQCAEL,127
A1FH0Y12VSXUMK,128
A3AJR4I94K38XO,129
ANYB94DHDJKNO,130
A1F1BIPJR11LSR,131
A15JP0TGZKLNIZ,132
A3DAJROQC1BLNI,133
AMVBT3XDCQBHI,134
A1X2J73SSA05TD,135
A2LZ0TBYJ91GYQ,136
A2CAMPAA7650H2,137
A1YXJR7PNV16LV,138
A324M5ZRHX7RUV,139
A3IR7DFEKLLLO,140
A3FBC5W56LKQXL,141
A88D2MJBQ6VWH,142
AJFVK3O1D7SPE,143
A1U4N969U478EA,144
A1RH3X41J9J05R,145
A32AM1ZLLNQF81,146
A30HUZHJBOX1LK,147
A2QHYVMQ3Y35QJ,148
A22XG3P1AWEVO5,149
A679ZXGNGYQB6,150
A6BT4LGS56TC1,151
A2XQ3P6M9NZNYB,152
A1PTH9KTRO06EG,153
A3NQK6VK36A4GA,154
A21D9YDJU8K2QI,155
A1TLNLB9D87H6,156
A2BF3A9KYSEFPO,157
AYW62R027PUT1,158
A2PSR3CMNR1R9X,159
AD21ES5UMD77U,160
A21XI5WQ3G8UVL,161
A12HWPFXQPITHD,162
A25R2OI9L2Q1OW,163
A2VFEDAK5C1E1O,164
A2S4YDJ9UGAXFQ,165
A18T7E73TNGOKP,166
A2XRATHOWY82ML,167
A3N1AJWCS8MPKH,168
A3W1M37EJKYIZI,169
A2C73Y1COWCA51,170
A13M79DZ3D0ONV,171
A1K6LH7NTGQOKS,172
A18SXC3JEN1O0U,173
A2R6ZZXURYYVVV,174
A25N0K40JAZTN1,175
A3IEPQXJ09AT55,176
A1DT7XOW0ISK0K,177
A37K1ICCYT6EU1,178
A37Q4O126A4RNA,179
A2EI9E6EBZEZO1,180
A348NEQKS6VNIB,181
A1T0S48O0CMXBC,182
AY2U544TCVPMQ,183
A1BWS5AD2T4NIR,184
A1PR74OHURJNTO,185
A1SIUJEL2LS8UO,186
A198MSVO1VTAT5,187
A31XT6RPLN6359,188
A3S2R1NK6HZ9KP,189
A38038BF5S70T7,190
A3A8P4UR9A0DWQ,191
A2FBP73AQACKZ2,192
AXDZ92ETY0EFM,193
A1G452MFAS690B,194
A2J5N770I859WE,195
A2AT5B7RW4VXBX,196
A38Z5T2J8MFBL1,197
A10LGIY5HFYMZM,198
APRZ7BR8C0ZMQ,199
AA8PZKO9XGCKO,200
A3RQR6LM6CHOMQ,201
A2WSSRWT4ZBHK3,202
A1CY01G7686ORZ,203
AWY6W20U8H3JA,204
A3388HIWAKD3DV,205
A1SISA8WAJTX2A,206
A30UE6DWFNUCWX,207
A1HHKQZNE4MUBC,208
A36MTY8RSWBZU7,209
A3CTXWISODY7D8,210
A215VSM181SC0F,211
AURYD2FH3FUOQ,212
A29SJZ0IEOHGMB,213
A2DVV59R1CQU6T,214
ARY00DVNEG1O5,215
A170WD5QOT5KF5,216
AHKRGPN5D3I2G,217
ADJNEKYVF2F8Q,218
A207IHY6GERCFO,219
A2LMREAO2XRLTM,220
A1W2L6BM7VQCXO,221
A18QTBTZNDXCUA,222
A1HYK2B4TMH5ZX,223
A1P6OXEJ86HQRM,224
A23R7EV4QAKK72,225
A3K7E8VMPN01DT,226
A110BZSDZN7E16,227
A1OD6546MEVZRG,228
A1EXO9HRNQYHWC,229
A11C01B5PXL1QW,230
AHYTT3T8W9Y9Y,231
AJM4334V07JDQ,232
A20W9ZCV1YTGEM,233
ATH0YF9QERY5U,234
A1QEQ64E22TNUZ,235
A4IH4CO046EV3,236
A25ZZOSL7MVU22,237
A1S5SPI4NQPGSI,238
A2YLK83DQ6PA5Y,239
A29KUIEVPK8WB4,240
A1BVG13MHBM1YD,241
A32G1MLCATXK9B,242
A1MZ1EU82NE0PQ,243
A2P76QVLSGJR45,244
A1AF25FCVKC87X,245
A1QDDGYC5UB9YA,246
A1KXESMB9K7504,247
A2YZQ2OFJNBH61,248
AEY18P11JRSWQ,249
A36GU3OHGLDS8R,250
A2SISDKXH7PVVW,251
A2873IWWYUPLSP,252
A3SOLBCXCRFQ49,253
AUTYWXILTACCR,254
AGRKG3YT3KMD8,255
A3ON3DL1CKGN4E,256
A2RT88YOU8VHKO,257
A154X03NKVZZL1,258
A2PUL3ZDXOW0VZ,259
A2BBDH8DZD77AU,260
A1YQ13SUZBWB7O,261
A13OHDWN9XSCIG,262
A255RBA8P0K0XV,263
A1FYQDCJ0S4Q10,264
AXSI20SE1AOG8,265
A2LV5432PV1S39,266
A1SHLWKA0UH1IS,267
A3N0QZ9ZKUCTCQ,268
A2GJJZ0IPRUIV3,269
AHMWEN6D801FR,270
A1L2N1X8U8Z3W7,271
A11WDOF1NX74OM,272
A248QG4DPULP46,273
ANVXAMUEBGV8N,274
AP9WIQ4P78XLH,275
A380GYV7QAHJ0F,276
A1PKCBFB4QY19G,277
A3R4J114R6J6CC,278
A143XRCI1YXAFE,279
A3NXT3OVGL7QNR,280
A7T06JMP6BTDS,281
A166A2M31CW2C7,282
AW5O1RK3W60FC,283
A2YTO4EY3MNYAJ,284
A3TOUB8313BPVS,285
A3F2W4HZRDKNW7,286
A3DUZ6WCFZRLX9,287
A1UGD2VEVSML1U,288
AOG0PUCLMU0HH,289
A3AO2N7BNFDGF3,290
A37EV8RZ82WT8E,291
A3C5A515KHWU1P,292
A3VRDQJNM1IC0E,293
A3C2X1L5PVNNLV,294
A1CA6ZXKK09ZRI,295
A2A98Q5JZSKFAN,296
A3AIRKDB2DMC7U,297
A6V8L0I5Z4XNU,298
A13Q9QMG1OUD3W,299
